name,image,category,
acacia_boat,acacia_boat.png,var,
acacia_chest_boat,acacia_chest_boat.png,var,
acacia_button,acacia_button.png,var,
acacia_door,acacia_door.png,blo,
acacia_fence,acacia_fence.png,blo,
acacia_fence_gate,acacia_fence_gate.png,blo,
acacia_hanging_sign,acacia_hanging_sign.png,blo,
acacia_leaves,acacia_leaves.png,dyp,
acacia_log,acacia_log.png,blo,
acacia_planks,acacia_planks.png,blo,
acacia_pressure_plate,acacia_pressure_plate.png,var,
acacia_sapling,acacia_sapling.png,dyp,
acacia_sign,acacia_sign.png,blo,
acacia_slab,acacia_slab.png,blo,
acacia_stairs,acacia_stairs.png,blo,
acacia_trapdoor,acacia_trapdoor.png,blo,
acacia_wood,acacia_wood.png,blo,
activator_rail,activator_rail.png,var,
allium,allium.png,dyp,
amethyst_cluster,amethyst_cluster.png,val,
amethyst_shard,amethyst_shard.png,val,
ancient_debris,ancient_debris.png,val,
andesite,andesite.png,blo,
andesite_slab,andesite_slab.png,blo,
andesite_stairs,andesite_stairs.png,blo,
andesite_wall,andesite_wall.png,blo,
anvil,anvil.png,var,
apple,apple.png,food,
armadillo_scute,armadillo_scute.png,loot,
armor_stand,armor_stand.png,var,
arrow,arrow.png,arm,
tipped_arrow,tipped_arrow.png,arm,
azalea,azalea.png,dyp,
azalea_leaves,azalea_leaves.png,dyp,
azure_bluet,azure_bluet.png,dyp,
baked_potato,baked_potato.png,food,
bamboo,bamboo.png,dyp,
bamboo_button,bamboo_button.png,var,
bamboo_door,bamboo_door.png,blo,
bamboo_fence,bamboo_fence.png,blo,
bamboo_fence_gate,bamboo_fence_gate.png,blo,
bamboo_hanging_sign,bamboo_hanging_sign.png,blo,
bamboo_mosaic,bamboo_mosaic.png,blo,
bamboo_mosaic_slab,bamboo_mosaic_slab.png,blo,
bamboo_mosaic_stairs,bamboo_mosaic_stairs.png,blo,
bamboo_planks,bamboo_planks.png,blo,
bamboo_pressure_plate,bamboo_pressure_plate.png,var,
bamboo_raft,bamboo_raft.png,var,
bamboo_chest_raft,bamboo_chest_raft.png,var,
bamboo_sign,bamboo_sign.png,blo,
bamboo_slab,bamboo_slab.png,blo,
bamboo_stairs,bamboo_stairs.png,blo,
bamboo_trapdoor,bamboo_trapdoor.png,blo,
creeper_banner_pattern,creeper_banner_pattern.png,var,
barrel,barrel.png,var,
basalt,basalt.png,blo,
beacon,beacon.png,val,
bee_nest,bee_nest.png,var,
beehive,beehive.png,var,
beetroot,beetroot.png,food,
beetroot_seeds,beetroot_seeds.png,dyp,
beetroot_soup,beetroot_soup.png,food,
bell,bell.png,var,
big_dripleaf,big_dripleaf.png,dyp,
birch_boat,birch_boat.png,var,
birch_chest_boat,birch_chest_boat.png,var,
birch_button,birch_button.png,var,
birch_door,birch_door.png,blo,
birch_fence,birch_fence.png,blo,
birch_fence_gate,birch_fence_gate.png,blo,
birch_hanging_sign,birch_hanging_sign.png,blo,
birch_leaves,birch_leaves.png,dyp,
birch_log,birch_log.png,blo,
birch_planks,birch_planks.png,blo,
birch_pressure_plate,birch_pressure_plate.png,var,
birch_sapling,birch_sapling.png,dyp,
birch_sign,birch_sign.png,blo,
birch_slab,birch_slab.png,blo,
birch_stairs,birch_stairs.png,blo,
birch_trapdoor,birch_trapdoor.png,blo,
birch_wood,birch_wood.png,blo,
black_banner,black_banner.png,blo,
black_bed,black_bed.png,blo,
black_bundle,black_bundle.png,arm,
black_candle,black_candle.png,var,
black_carpet,black_carpet.png,blo,
black_concrete,black_concrete.png,blo,
black_concrete_powder,black_concrete_powder.png,blo,
black_dye,black_dye.png,dyp,
black_glazed_terracotta,black_glazed_terracotta.png,blo,
black_shulker_box,black_shulker_box.png,forb,
black_stained_glass,black_stained_glass.png,blo,
black_stained_glass_pane,black_stained_glass_pane.png,blo,
black_terracotta,black_terracotta.png,blo,
black_wool,black_wool.png,blo,
blackstone,blackstone.png,blo,
blackstone_slab,blackstone_slab.png,blo,
blackstone_stairs,blackstone_stairs.png,blo,
blackstone_wall,blackstone_wall.png,blo,
blast_furnace,blast_furnace.png,var,
blaze_powder,blaze_powder.png,loot,
blaze_rod,blaze_rod.png,loot,
amethyst_block,amethyst_block.png,blo,
bamboo_block,bamboo_block.png,blo,
coal_block,coal_block.png,val,
copper_block,copper_block.png,blo,
diamond_block,diamond_block.png,cur,
emerald_block,emerald_block.png,val,
gold_block,gold_block.png,val,
iron_block,iron_block.png,val,
lapis_block,lapis_block.png,val,
netherite_block,netherite_block.png,val,
quartz_block,chiseled_quartz_block.png,val,
raw_copper_block,raw_copper_block.png,val,
raw_gold_block,raw_gold_block.png,val,
raw_iron_block,raw_iron_block.png,val,
redstone_block,redstone_block.png,var,
stripped_bamboo_block,stripped_bamboo_block.png,blo,
blue_banner,blue_banner.png,blo,
blue_bed,blue_bed.png,blo,
blue_bundle,blue_bundle.png,arm,
blue_candle,blue_candle.png,var,
blue_carpet,blue_carpet.png,blo,
blue_concrete,blue_concrete.png,blo,
blue_concrete_powder,blue_concrete_powder.png,blo,
blue_dye,blue_dye.png,dyp,
blue_glazed_terracotta,blue_glazed_terracotta.png,blo,
blue_ice,blue_ice.png,blo,
blue_orchid,blue_orchid.png,dyp,
blue_shulker_box,blue_shulker_box.png,forb,
blue_stained_glass,blue_stained_glass.png,blo,
blue_stained_glass_pane,blue_stained_glass_pane.png,blo,
blue_terracotta,blue_terracotta.png,blo,
blue_wool,blue_wool.png,blo,
bone,bone.png,loot,
bone_block,bone_block.png,blo,
bone_meal,bone_meal.png,var,
book,book.png,boo,
writable_book,writable_book.png,boo,
bookshelf,bookshelf.png,blo,
experience_bottle,experience_bottle.png,food,
bow,bow.png,arm,
bowl,bowl.png,var,
brain_coral,brain_coral.png,dyp,
brain_coral_block,brain_coral_block.png,dyp,
brain_coral_fan,brain_coral_fan.png,dyp,
bread,bread.png,food,
breeze_rod,breeze_rod.png,loot,
brewing_stand,brewing_stand.png,var,
brick,brick.png,var,
brick_slab,brick_slab.png,blo,
brick_stairs,brick_stairs.png,blo,
brick_wall,brick_wall.png,blo,
bricks,bricks.png,blo,
brown_banner,brown_banner.png,blo,
brown_bed,brown_bed.png,blo,
brown_bundle,brown_bundle.png,arm,
brown_candle,brown_candle.png,var,
brown_carpet,brown_carpet.png,blo,
brown_concrete,brown_concrete.png,blo,
brown_concrete_powder,brown_concrete_powder.png,blo,
brown_dye,brown_dye.png,dyp,
brown_glazed_terracotta,brown_glazed_terracotta.png,blo,
brown_mushroom,brown_mushroom.png,dyp,
brown_mushroom_block,brown_mushroom_block.png,blo,
brown_shulker_box,brown_shulker_box.png,forb,
brown_stained_glass,brown_stained_glass.png,blo,
brown_stained_glass_pane,brown_stained_glass_pane.png,blo,
brown_terracotta,brown_terracotta.png,blo,
brown_wool,brown_wool.png,blo,
brush,brush.png,arm,
bubble_coral,bubble_coral.png,dyp,
bubble_coral_block,bubble_coral_block.png,dyp,
bubble_coral_fan,bubble_coral_fan.png,dyp,
bucket,bucket.png,arm,
axolotl_bucket,axolotl_bucket.png,loot,
cod_bucket,cod_bucket.png,loot,
pufferfish_bucket,pufferfish_bucket.png,loot,
salmon_bucket,salmon_bucket.png,loot,
tadpole_bucket,tadpole_bucket.png,loot,
tropical_fish_bucket,tropical_fish_bucket.png,loot,
bundle,bundle.png,arm,
cactus,cactus.png,dyp,
cake,cake.png,food,
calcite,calcite.png,blo,
calibrated_sculk_sensor,calibrated_sculk_sensor.png,var,
campfire,campfire.png,var,
candle,candle.png,var,
carrot,carrot.png,food,
carrot_on_a_stick,carrot_on_a_stick.png,arm,
cartography_table,cartography_table.png,var,
carved_pumpkin,carved_pumpkin.png,dyp,
cauldron,cauldron.png,var,
chain,chain.png,var,
chainmail_boots,chainmail_boots.png,arm,
chainmail_chestplate,chainmail_chestplate.png,arm,
chainmail_helmet,chainmail_helmet.png,arm,
chainmail_leggings,chainmail_leggings.png,arm,
charcoal,charcoal.png,val,
cherry_boat,cherry_boat.png,var,
cherry_chest_boat,cherry_chest_boat.png,var,
cherry_button,cherry_button.png,var,
cherry_door,cherry_door.png,blo,
cherry_fence,cherry_fence.png,blo,
cherry_fence_gate,cherry_fence_gate.png,blo,
cherry_hanging_sign,cherry_hanging_sign.png,blo,
cherry_leaves,cherry_leaves.png,dyp,
cherry_log,cherry_log.png,blo,
cherry_planks,cherry_planks.png,blo,
cherry_pressure_plate,cherry_pressure_plate.png,var,
cherry_sapling,cherry_sapling.png,dyp,
cherry_sign,cherry_sign.png,blo,
cherry_slab,cherry_slab.png,blo,
cherry_stairs,cherry_stairs.png,blo,
cherry_trapdoor,cherry_trapdoor.png,blo,
cherry_wood,cherry_wood.png,blo,
chest,chest.png,var,
chipped_anvil,chipped_anvil.png,var,
chiseled_bookshelf,chiseled_bookshelf.png,blo,
chiseled_copper,chiseled_copper.png,blo,
chiseled_deepslate,chiseled_deepslate.png,blo,
chiseled_nether_bricks,chiseled_nether_bricks.png,blo,
chiseled_polished_blackstone,chiseled_polished_blackstone.png,blo,
chiseled_quartz_block,chiseled_quartz_block.png,blo,
chiseled_red_sandstone,chiseled_red_sandstone.png,blo,
chiseled_sandstone,chiseled_sandstone.png,blo,
chiseled_stone_bricks,chiseled_stone_bricks.png,blo,
chiseled_tuff,chiseled_tuff.png,blo,
chiseled_tuff_bricks,chiseled_tuff_bricks.png,blo,
chorus_flower,chorus_flower.png,dyp,
chorus_fruit,chorus_fruit.png,food,
clay,clay.png,blo,
clay_ball,clay_ball.png,var,
clock,clock.png,arm,
coal,coal.png,val,
coal_ore,coal_ore.png,val,
coarse_dirt,coarse_dirt.png,blo,
cobbled_deepslate,cobbled_deepslate.png,blo,
cobbled_deepslate_slab,cobbled_deepslate_slab.png,blo,
cobbled_deepslate_stairs,cobbled_deepslate_stairs.png,blo,
cobbled_deepslate_wall,cobbled_deepslate_wall.png,blo,
cobblestone,cobblestone.png,blo,
cobblestone_slab,cobblestone_slab.png,blo,
cobblestone_stairs,cobblestone_stairs.png,blo,
cobblestone_wall,cobblestone_wall.png,blo,
cobweb,cobweb.png,loot,
cocoa_beans,cocoa_beans.png,dyp,
compass,compass.png,arm,
composter,composter.png,var,
conduit,conduit.png,val,
cooked_chicken,cooked_chicken.png,food,
cooked_cod,cooked_cod.png,food,
cooked_mutton,cooked_mutton.png,food,
cooked_porkchop,cooked_porkchop.png,food,
cooked_rabbit,cooked_rabbit.png,food,
cooked_salmon,cooked_salmon.png,food,
cookie,cookie.png,food,
copper_bulb,copper_bulb.png,blo,
copper_door,copper_door.png,blo,
copper_grate,copper_grate.png,blo,
copper_ingot,copper_ingot.png,blo,
copper_ore,copper_ore.png,val,
copper_trapdoor,copper_trapdoor.png,blo,
cornflower,cornflower.png,dyp,
cracked_deepslate_bricks,cracked_deepslate_bricks.png,blo,
cracked_deepslate_tiles,cracked_deepslate_tiles.png,blo,
cracked_nether_bricks,cracked_nether_bricks.png,blo,
cracked_polished_blackstone_bricks,cracked_polished_blackstone_bricks.png,blo,
cracked_stone_bricks,cracked_stone_bricks.png,blo,
crafter,crafter.png,var,
crafting_table,crafting_table.png,var,
creeper_head,creeper_head.png,val,
crimson_button,crimson_button.png,var,
crimson_door,crimson_door.png,blo,
crimson_fence,crimson_fence.png,blo,
crimson_fence_gate,crimson_fence_gate.png,blo,
crimson_fungus,crimson_fungus.png,dyp,
crimson_hanging_sign,crimson_hanging_sign.png,blo,
crimson_hyphae,crimson_hyphae.png,blo,
crimson_nylium,crimson_nylium.png,blo,
crimson_planks,crimson_planks.png,blo,
crimson_pressure_plate,crimson_pressure_plate.png,var,
crimson_roots,crimson_roots.png,dyp,
crimson_sign,crimson_sign.png,blo,
crimson_slab,crimson_slab.png,blo,
crimson_stairs,crimson_stairs.png,blo,
crimson_stem,crimson_stem.png,blo,
crimson_trapdoor,crimson_trapdoor.png,blo,
crossbow,crossbow.png,arm,
crying_obsidian,crying_obsidian.png,blo,
cut_copper,cut_copper.png,blo,
cut_copper_slab,cut_copper_slab.png,blo,
cut_copper_stairs,cut_copper_stairs.png,blo,
cut_red_sandstone,cut_red_sandstone.png,blo,
cut_red_sandstone_slab,cut_red_sandstone_slab.png,blo,
cut_sandstone,cut_sandstone.png,blo,
cut_sandstone_slab,cut_sandstone_slab.png,blo,
cyan_banner,cyan_banner.png,blo,
cyan_bed,cyan_bed.png,blo,
cyan_bundle,cyan_bundle.png,arm,
cyan_candle,cyan_candle.png,var,
cyan_carpet,cyan_carpet.png,blo,
cyan_concrete,cyan_concrete.png,blo,
cyan_concrete_powder,cyan_concrete_powder.png,blo,
cyan_dye,cyan_dye.png,dyp,
cyan_glazed_terracotta,cyan_glazed_terracotta.png,blo,
cyan_shulker_box,cyan_shulker_box.png,forb,
cyan_stained_glass,cyan_stained_glass.png,blo,
cyan_stained_glass_pane,cyan_stained_glass_pane.png,blo,
cyan_terracotta,cyan_terracotta.png,blo,
cyan_wool,cyan_wool.png,blo,
damaged_anvil,damaged_anvil.png,var,
dandelion,dandelion.png,dyp,
dark_oak_boat,dark_oak_boat.png,var,
dark_oak_chest_boat,dark_oak_chest_boat.png,var,
dark_oak_button,dark_oak_button.png,var,
dark_oak_door,dark_oak_door.png,blo,
dark_oak_fence,dark_oak_fence.png,blo,
dark_oak_fence_gate,dark_oak_fence_gate.png,blo,
dark_oak_hanging_sign,dark_oak_hanging_sign.png,blo,
dark_oak_leaves,dark_oak_leaves.png,dyp,
dark_oak_log,dark_oak_log.png,blo,
dark_oak_planks,dark_oak_planks.png,blo,
dark_oak_pressure_plate,dark_oak_pressure_plate.png,var,
dark_oak_sapling,dark_oak_sapling.png,dyp,
dark_oak_sign,dark_oak_sign.png,blo,
dark_oak_slab,dark_oak_slab.png,blo,
dark_oak_stairs,dark_oak_stairs.png,blo,
dark_oak_trapdoor,dark_oak_trapdoor.png,blo,
dark_oak_wood,dark_oak_wood.png,blo,
dark_prismarine,dark_prismarine.png,blo,
dark_prismarine_slab,dark_prismarine_slab.png,blo,
dark_prismarine_stairs,dark_prismarine_stairs.png,blo,
daylight_detector,daylight_detector.png,var,
dead_brain_coral,dead_brain_coral.png,dyp,
dead_brain_coral_block,dead_brain_coral_block.png,dyp,
dead_brain_coral_fan,dead_brain_coral_fan.png,dyp,
dead_bubble_coral,dead_bubble_coral.png,dyp,
dead_bubble_coral_block,dead_bubble_coral_block.png,dyp,
dead_bubble_coral_fan,dead_bubble_coral_fan.png,dyp,
dead_bush,dead_bush.png,dyp,
dead_fire_coral,dead_fire_coral.png,dyp,
dead_fire_coral_block,dead_fire_coral_block.png,dyp,
dead_fire_coral_fan,dead_fire_coral_fan.png,dyp,
dead_horn_coral,dead_horn_coral.png,dyp,
dead_horn_coral_block,dead_horn_coral_block.png,dyp,
dead_horn_coral_fan,dead_horn_coral_fan.png,dyp,
dead_tube_coral,dead_tube_coral.png,dyp,
dead_tube_coral_block,dead_tube_coral_block.png,dyp,
dead_tube_coral_fan,dead_tube_coral_fan.png,dyp,
deepslate,deepslate.png,blo,
deepslate_brick_slab,deepslate_brick_slab.png,blo,
deepslate_brick_stairs,deepslate_brick_stairs.png,blo,
deepslate_brick_wall,deepslate_brick_wall.png,blo,
deepslate_bricks,deepslate_bricks.png,blo,
deepslate_coal_ore,deepslate_coal_ore.png,val,
deepslate_copper_ore,deepslate_copper_ore.png,val,
deepslate_diamond_ore,deepslate_diamond_ore.png,val,
deepslate_emerald_ore,deepslate_emerald_ore.png,val,
deepslate_gold_ore,deepslate_gold_ore.png,val,
deepslate_iron_ore,deepslate_iron_ore.png,val,
deepslate_lapis_ore,deepslate_lapis_ore.png,val,
deepslate_redstone_ore,deepslate_redstone_ore.png,val,
deepslate_tile_slab,deepslate_tile_slab.png,blo,
deepslate_tile_stairs,deepslate_tile_stairs.png,blo,
deepslate_tile_wall,deepslate_tile_wall.png,blo,
deepslate_tiles,deepslate_tiles.png,blo,
detector_rail,detector_rail.png,var,
diamond,diamond.png,cur,
diamond_axe,diamond_axe.png,arm,
diamond_boots,diamond_boots.png,arm,
diamond_chestplate,diamond_chestplate.png,arm,
diamond_helmet,diamond_helmet.png,arm,
diamond_hoe,diamond_hoe.png,arm,
diamond_horse_armor,diamond_horse_armor.png,arm,
diamond_leggings,diamond_leggings.png,arm,
diamond_ore,diamond_ore.png,val,
diamond_pickaxe,diamond_pickaxe.png,arm,
diamond_shovel,diamond_shovel.png,arm,
diamond_sword,diamond_sword.png,arm,
diorite,diorite.png,blo,
diorite_slab,diorite_slab.png,blo,
diorite_stairs,diorite_stairs.png,blo,
diorite_wall,diorite_wall.png,blo,
dirt,dirt.png,blo,
disc_fragment_5,disc_fragment_5.png,val,
dispenser,dispenser.png,var,
dragon_egg,dragon_egg.png,forb,
dragon_head,dragon_head.png,val,
dragon_breath,dragon_breath.png,food,
dried_kelp,dried_kelp.png,food,
dried_kelp_block,dried_kelp_block.png,dyp,
dripstone_block,dripstone_block.png,blo,
dropper,dropper.png,var,
echo_shard,echo_shard.png,val,
egg,egg.png,loot,
elytra,elytra.png,arm,
emerald,emerald.png,val,
emerald_ore,emerald_ore.png,val,
map,map.png,arm,
enchanted_golden_apple,enchanted_golden_apple.png,val,
enchanting_table,enchanting_table.png,var,
end_crystal,end_crystal.png,var,
end_rod,end_rod.png,var,
end_stone,end_stone.png,blo,
end_stone_brick_slab,end_stone_brick_slab.png,blo,
end_stone_brick_stairs,end_stone_brick_stairs.png,blo,
end_stone_brick_wall,end_stone_brick_wall.png,blo,
end_stone_bricks,end_stone_bricks.png,blo,
ender_chest,ender_chest.png,var,
ender_pearl,ender_pearl.png,loot,
exposed_chiseled_copper,exposed_chiseled_copper.png,blo,
exposed_copper,exposed_copper.png,blo,
exposed_copper_bulb,exposed_copper_bulb.png,blo,
exposed_copper_door,exposed_copper_door.png,blo,
exposed_copper_grate,exposed_copper_grate.png,blo,
exposed_copper_trapdoor,exposed_copper_trapdoor.png,blo,
exposed_cut_copper,exposed_cut_copper.png,blo,
exposed_cut_copper_slab,exposed_cut_copper_slab.png,blo,
exposed_cut_copper_stairs,exposed_cut_copper_stairs.png,blo,
ender_eye,ender_eye.png,loot,
feather,feather.png,loot,
fermented_spider_eye,fermented_spider_eye.png,food,
fern,fern.png,dyp,
fire_charge,fire_charge.png,var,
fire_coral,fire_coral.png,dyp,
fire_coral_block,fire_coral_block.png,dyp,
fire_coral_fan,fire_coral_fan.png,dyp,
firework_rocket,firework_rocket.png,var,
fishing_rod,fishing_rod.png,arm,
fletching_table,fletching_table.png,var,
flint,flint.png,var,
flint_and_steel,flint_and_steel.png,arm,
flower_pot,flower_pot.png,var,
flowering_azalea,flowering_azalea.png,dyp,
flowering_azalea_leaves,flowering_azalea_leaves.png,dyp,
furnace,furnace.png,var,
ghast_tear,ghast_tear.png,loot,
gilded_blackstone,gilded_blackstone.png,val,
glass,glass.png,blo,
glass_bottle,glass_bottle.png,var,
glass_pane,glass_pane.png,blo,
glistering_melon_slice,glistering_melon_slice.png,food,
glow_berries,glow_berries.png,food,
glow_ink_sac,glow_ink_sac.png,dyp,
glow_item_frame,glow_item_frame.png,var,
glow_lichen,glow_lichen.png,dyp,
glowstone,glowstone.png,blo,
glowstone_dust,glowstone_dust.png,var,
goat_horn,goat_horn.png,val,
gold_ingot,gold_ingot.png,val,
gold_nugget,gold_nugget.png,forb,
gold_ore,gold_ore.png,val,
golden_apple,golden_apple.png,food,
golden_axe,golden_axe.png,arm,
golden_boots,golden_boots.png,arm,
golden_carrot,golden_carrot.png,food,
golden_chestplate,golden_chestplate.png,arm,
golden_helmet,golden_helmet.png,arm,
golden_hoe,golden_hoe.png,arm,
golden_horse_armor,golden_horse_armor.png,arm,
golden_leggings,golden_leggings.png,arm,
golden_pickaxe,golden_pickaxe.png,arm,
golden_shovel,golden_shovel.png,arm,
golden_sword,golden_sword.png,arm,
granite,granite.png,blo,
granite_slab,granite_slab.png,blo,
granite_stairs,granite_stairs.png,blo,
granite_wall,granite_wall.png,blo,
grass_block,grass_block.png,blo,
gravel,gravel.png,blo,
gray_banner,gray_banner.png,blo,
gray_bed,gray_bed.png,blo,
gray_bundle,gray_bundle.png,arm,
gray_candle,gray_candle.png,var,
gray_carpet,gray_carpet.png,blo,
gray_concrete,gray_concrete.png,blo,
gray_concrete_powder,gray_concrete_powder.png,blo,
gray_dye,gray_dye.png,dyp,
gray_glazed_terracotta,gray_glazed_terracotta.png,blo,
gray_shulker_box,gray_shulker_box.png,forb,
gray_stained_glass,gray_stained_glass.png,blo,
gray_stained_glass_pane,gray_stained_glass_pane.png,blo,
gray_terracotta,gray_terracotta.png,blo,
gray_wool,gray_wool.png,blo,
green_banner,green_banner.png,blo,
green_bed,green_bed.png,blo,
green_bundle,green_bundle.png,arm,
green_candle,green_candle.png,var,
green_carpet,green_carpet.png,blo,
green_concrete,green_concrete.png,blo,
green_concrete_powder,green_concrete_powder.png,blo,
green_dye,green_dye.png,dyp,
green_glazed_terracotta,green_glazed_terracotta.png,blo,
green_shulker_box,green_shulker_box.png,forb,
green_stained_glass,green_stained_glass.png,blo,
green_stained_glass_pane,green_stained_glass_pane.png,blo,
green_terracotta,green_terracotta.png,blo,
green_wool,green_wool.png,blo,
grindstone,grindstone.png,var,
gunpowder,gunpowder.png,loot,
hanging_roots,hanging_roots.png,dyp,
hay_block,hay_block.png,blo,
heart_of_the_sea,heart_of_the_sea.png,val,
heavy_core,heavy_core.png,val,
heavy_weighted_pressure_plate,heavy_weighted_pressure_plate.png,var,
honey_block,honey_block.png,var,
honey_bottle,honey_bottle.png,food,
honeycomb,honeycomb.png,var,
honeycomb_block,honeycomb_block.png,var,
hopper,hopper.png,var,
horn_coral,horn_coral.png,dyp,
horn_coral_block,horn_coral_block.png,dyp,
horn_coral_fan,horn_coral_fan.png,dyp,
ice,ice.png,blo,
ink_sac,ink_sac.png,dyp,
iron_axe,iron_axe.png,arm,
iron_bars,iron_bars.png,blo,
iron_boots,iron_boots.png,arm,
iron_chestplate,iron_chestplate.png,arm,
iron_door,iron_door.png,blo,
iron_helmet,iron_helmet.png,arm,
iron_hoe,iron_hoe.png,arm,
iron_horse_armor,iron_horse_armor.png,arm,
iron_ingot,iron_ingot.png,val,
iron_leggings,iron_leggings.png,arm,
iron_nugget,iron_nugget.png,forb,
iron_ore,iron_ore.png,val,
iron_pickaxe,iron_pickaxe.png,arm,
iron_shovel,iron_shovel.png,arm,
iron_sword,iron_sword.png,arm,
iron_trapdoor,iron_trapdoor.png,blo,
item_frame,item_frame.png,var,
jack_o_lantern,jack_o_lantern.png,dyp,
jukebox,jukebox.png,var,
jungle_boat,jungle_boat.png,var,
jungle_chest_boat,jungle_chest_boat.png,var,
jungle_button,jungle_button.png,var,
jungle_door,jungle_door.png,blo,
jungle_fence,jungle_fence.png,blo,
jungle_fence_gate,jungle_fence_gate.png,blo,
jungle_hanging_sign,jungle_hanging_sign.png,blo,
jungle_leaves,jungle_leaves.png,dyp,
jungle_log,jungle_log.png,blo,
jungle_planks,jungle_planks.png,blo,
jungle_pressure_plate,jungle_pressure_plate.png,var,
jungle_sapling,jungle_sapling.png,dyp,
jungle_sign,jungle_sign.png,blo,
jungle_slab,jungle_slab.png,blo,
jungle_stairs,jungle_stairs.png,blo,
jungle_trapdoor,jungle_trapdoor.png,blo,
jungle_wood,jungle_wood.png,blo,
kelp,kelp.png,food,
ladder,ladder.png,blo,
lantern,lantern.png,var,
lapis_lazuli,lapis_lazuli.png,val,
lapis_ore,lapis_ore.png,val,
large_amethyst_bud,large_amethyst_bud.png,val,
large_fern,large_fern.png,dyp,
lava_bucket,lava_bucket.png,arm,
lead,lead.png,arm,
leather,leather.png,loot,
leather_boots,leather_boots.png,arm,
leather_helmet,leather_helmet.png,arm,
leather_horse_armor,leather_horse_armor.png,arm,
leather_leggings,leather_leggings.png,arm,
leather_chestplate,leather_chestplate.png,arm,
lectern,lectern.png,var,
lever,lever.png,var,
light_blue_banner,light_blue_banner.png,blo,
light_blue_bed,light_blue_bed.png,blo,
light_blue_bundle,light_blue_bundle.png,arm,
light_blue_candle,light_blue_candle.png,var,
light_blue_carpet,light_blue_carpet.png,blo,
light_blue_concrete,light_blue_concrete.png,blo,
light_blue_concrete_powder,light_blue_concrete_powder.png,blo,
light_blue_dye,light_blue_dye.png,dyp,
light_blue_glazed_terracotta,light_blue_glazed_terracotta.png,blo,
light_blue_shulker_box,light_blue_shulker_box.png,forb,
light_blue_stained_glass,light_blue_stained_glass.png,blo,
light_blue_stained_glass_pane,light_blue_stained_glass_pane.png,blo,
light_blue_terracotta,light_blue_terracotta.png,blo,
light_blue_wool,light_blue_wool.png,blo,
light_gray_banner,light_gray_banner.png,blo,
light_gray_bed,light_gray_bed.png,blo,
light_gray_bundle,light_gray_bundle.png,arm,
light_gray_candle,light_gray_candle.png,var,
light_gray_carpet,light_gray_carpet.png,blo,
light_gray_concrete,light_gray_concrete.png,blo,
light_gray_concrete_powder,light_gray_concrete_powder.png,blo,
light_gray_dye,light_gray_dye.png,dyp,
light_gray_glazed_terracotta,light_gray_glazed_terracotta.png,blo,
light_gray_shulker_box,light_gray_shulker_box.png,forb,
light_gray_stained_glass,light_gray_stained_glass.png,blo,
light_gray_stained_glass_pane,light_gray_stained_glass_pane.png,blo,
light_gray_terracotta,light_gray_terracotta.png,blo,
light_gray_wool,light_gray_wool.png,blo,
light_weighted_pressure_plate,light_weighted_pressure_plate.png,var,
lightning_rod,lightning_rod.png,var,
lilac,lilac.png,dyp,
lily_pad,lily_pad.png,dyp,
lime_banner,lime_banner.png,blo,
lime_bed,lime_bed.png,blo,
lime_bundle,lime_bundle.png,arm,
lime_candle,lime_candle.png,var,
lime_carpet,lime_carpet.png,blo,
lime_concrete,lime_concrete.png,blo,
lime_concrete_powder,lime_concrete_powder.png,blo,
lime_dye,lime_dye.png,dyp,
lime_glazed_terracotta,lime_glazed_terracotta.png,blo,
lime_shulker_box,lime_shulker_box.png,forb,
lime_stained_glass,lime_stained_glass.png,blo,
lime_stained_glass_pane,lime_stained_glass_pane.png,blo,
lime_terracotta,lime_terracotta.png,blo,
lime_wool,lime_wool.png,blo,
lodestone,lodestone.png,var,
loom,loom.png,var,
mace,mace.png,arm,
magenta_banner,magenta_banner.png,blo,
magenta_bed,magenta_bed.png,blo,
magenta_bundle,magenta_bundle.png,arm,
magenta_candle,magenta_candle.png,var,
magenta_carpet,magenta_carpet.png,blo,
magenta_concrete,magenta_concrete.png,blo,
magenta_concrete_powder,magenta_concrete_powder.png,blo,
magenta_dye,magenta_dye.png,dyp,
magenta_glazed_terracotta,magenta_glazed_terracotta.png,blo,
magenta_shulker_box,magenta_shulker_box.png,forb,
magenta_stained_glass,magenta_stained_glass.png,blo,
magenta_stained_glass_pane,magenta_stained_glass_pane.png,blo,
magenta_terracotta,magenta_terracotta.png,blo,
magenta_wool,magenta_wool.png,blo,
magma_block,magma_block.png,blo,
magma_cream,magma_cream.png,loot,
mangrove_boat,mangrove_boat.png,var,
mangrove_chest_boat,mangrove_chest_boat.png,var,
mangrove_button,mangrove_button.png,var,
mangrove_door,mangrove_door.png,blo,
mangrove_fence,mangrove_fence.png,blo,
mangrove_fence_gate,mangrove_fence_gate.png,blo,
mangrove_hanging_sign,mangrove_hanging_sign.png,blo,
mangrove_leaves,mangrove_leaves.png,dyp,
mangrove_log,mangrove_log.png,blo,
mangrove_planks,mangrove_planks.png,blo,
mangrove_pressure_plate,mangrove_pressure_plate.png,var,
mangrove_propagule,mangrove_propagule.png,dyp,
mangrove_roots,mangrove_roots.png,blo,
mangrove_sign,mangrove_sign.png,blo,
mangrove_slab,mangrove_slab.png,blo,
mangrove_stairs,mangrove_stairs.png,blo,
mangrove_trapdoor,mangrove_trapdoor.png,blo,
mangrove_wood,mangrove_wood.png,blo,
filled_map,filled_map.png,gal,
medium_amethyst_bud,medium_amethyst_bud.png,val,
melon,melon.png,dyp,
melon_seeds,melon_seeds.png,dyp,
melon_slice,melon_slice.png,food,
milk_bucket,milk_bucket.png,food,
minecart,minecart.png,var,
chest_minecart,chest_minecart.png,var,
furnace_minecart,furnace_minecart.png,var,
hopper_minecart,hopper_minecart.png,var,
tnt_minecart,tnt_minecart.png,var,
moss_block,moss_block.png,blo,
moss_carpet,moss_carpet.png,blo,
mossy_cobblestone,mossy_cobblestone.png,blo,
mossy_cobblestone_slab,mossy_cobblestone_slab.png,blo,
mossy_cobblestone_stairs,mossy_cobblestone_stairs.png,blo,
mossy_cobblestone_wall,mossy_cobblestone_wall.png,blo,
mossy_stone_brick_slab,mossy_stone_brick_slab.png,blo,
mossy_stone_brick_stairs,mossy_stone_brick_stairs.png,blo,
mossy_stone_brick_wall,mossy_stone_brick_wall.png,blo,
mossy_stone_bricks,mossy_stone_bricks.png,blo,
mud,mud.png,blo,
mud_brick_slab,mud_brick_slab.png,blo,
mud_brick_stairs,mud_brick_stairs.png,blo,
mud_brick_wall,mud_brick_wall.png,blo,
mud_bricks,mud_bricks.png,blo,
muddy_mangrove_roots,muddy_mangrove_roots.png,blo,
mushroom_stem,mushroom_stem.png,dyp,
mushroom_stew,mushroom_stew.png,food,
music_disc_pigstep,music_disc_pigstep.png,val,
mycelium,mycelium.png,blo,
name_tag,name_tag.png,arm,
nautilus_shell,nautilus_shell.png,val,
nether_brick,nether_brick.png,blo,
nether_brick_fence,nether_brick_fence.png,blo,
nether_brick_slab,nether_brick_slab.png,blo,
nether_brick_stairs,nether_brick_stairs.png,blo,
nether_brick_wall,nether_brick_wall.png,blo,
nether_bricks,nether_bricks.png,blo,
nether_gold_ore,nether_gold_ore.png,blo,
quartz,quartz.png,val,
nether_quartz_ore,nether_quartz_ore.png,val,
nether_sprouts,nether_sprouts.png,dyp,
nether_star,nether_star.png,val,
nether_wart,nether_wart.png,food,
nether_wart_block,nether_wart_block.png,blo,
netherite_axe,netherite_axe.png,arm,
netherite_boots,netherite_boots.png,arm,
netherite_chestplate,netherite_chestplate.png,arm,
netherite_helmet,netherite_helmet.png,arm,
netherite_hoe,netherite_hoe.png,arm,
netherite_ingot,netherite_ingot.png,val,
netherite_leggings,netherite_leggings.png,arm,
netherite_pickaxe,netherite_pickaxe.png,arm,
netherite_scrap,netherite_scrap.png,val,
netherite_shovel,netherite_shovel.png,arm,
netherite_sword,netherite_sword.png,arm,
netherrack,netherrack.png,blo,
note_block,note_block.png,var,
oak_boat,oak_boat.png,var,
oak_chest_boat,oak_chest_boat.png,var,
oak_button,oak_button.png,var,
oak_door,oak_door.png,blo,
oak_fence,oak_fence.png,blo,
oak_fence_gate,oak_fence_gate.png,blo,
oak_hanging_sign,oak_hanging_sign.png,blo,
oak_leaves,oak_leaves.png,dyp,
oak_log,oak_log.png,blo,
oak_planks,oak_planks.png,blo,
oak_pressure_plate,oak_pressure_plate.png,var,
oak_sapling,oak_sapling.png,dyp,
oak_sign,oak_sign.png,blo,
oak_slab,oak_slab.png,blo,
oak_stairs,oak_stairs.png,blo,
oak_trapdoor,oak_trapdoor.png,blo,
oak_wood,oak_wood.png,blo,
observer,observer.png,var,
obsidian,obsidian.png,blo,
ochre_froglight,ochre_froglight.png,blo,
ominous_trial_key,ominous_trial_key.png,arm,
orange_banner,orange_banner.png,blo,
orange_bed,orange_bed.png,blo,
orange_bundle,orange_bundle.png,arm,
orange_candle,orange_candle.png,var,
orange_carpet,orange_carpet.png,blo,
orange_concrete,orange_concrete.png,blo,
orange_concrete_powder,orange_concrete_powder.png,blo,
orange_dye,orange_dye.png,dyp,
orange_glazed_terracotta,orange_glazed_terracotta.png,blo,
orange_shulker_box,orange_shulker_box.png,forb,
orange_stained_glass,orange_stained_glass.png,blo,
orange_stained_glass_pane,orange_stained_glass_pane.png,blo,
orange_terracotta,orange_terracotta.png,blo,
orange_tulip,orange_tulip.png,dyp,
orange_wool,orange_wool.png,blo,
oxeye_daisy,oxeye_daisy.png,dyp,
oxidized_chiseled_copper,oxidized_chiseled_copper.png,blo,
oxidized_copper,oxidized_copper.png,blo,
oxidized_copper_bulb,oxidized_copper_bulb.png,blo,
oxidized_copper_door,oxidized_copper_door.png,blo,
oxidized_copper_grate,oxidized_copper_grate.png,blo,
oxidized_copper_trapdoor,oxidized_copper_trapdoor.png,blo,
oxidized_cut_copper,oxidized_cut_copper.png,blo,
oxidized_cut_copper_slab,oxidized_cut_copper_slab.png,blo,
oxidized_cut_copper_stairs,oxidized_cut_copper_stairs.png,blo,
packed_ice,packed_ice.png,blo,
packed_mud,packed_mud.png,blo,
painting,painting.png,var,
paper,paper.png,var,
pearlescent_froglight,pearlescent_froglight.png,blo,
peony,peony.png,dyp,
phantom_membrane,phantom_membrane.png,loot,
piglin_head,piglin_head.png,val,
pink_banner,pink_banner.png,blo,
pink_bed,pink_bed.png,blo,
pink_bundle,pink_bundle.png,arm,
pink_candle,pink_candle.png,var,
pink_carpet,pink_carpet.png,blo,
pink_concrete,pink_concrete.png,blo,
pink_concrete_powder,pink_concrete_powder.png,blo,
pink_dye,pink_dye.png,dyp,
pink_glazed_terracotta,pink_glazed_terracotta.png,blo,
pink_petals,pink_petals.png,dyp,
pink_shulker_box,pink_shulker_box.png,forb,
pink_stained_glass,pink_stained_glass.png,blo,
pink_stained_glass_pane,pink_stained_glass_pane.png,blo,
pink_terracotta,pink_terracotta.png,blo,
pink_tulip,pink_tulip.png,dyp,
pink_wool,pink_wool.png,blo,
piston,piston.png,var,
pitcher_plant,pitcher_plant.png,dyp,
pitcher_pod,pitcher_pod.png,dyp,
podzol,podzol.png,blo,
pointed_dripstone,pointed_dripstone.png,var,
poisonous_potato,poisonous_potato.png,food,
polished_andesite,polished_andesite.png,blo,
polished_andesite_slab,polished_andesite_slab.png,blo,
polished_andesite_stairs,polished_andesite_stairs.png,blo,
polished_basalt,polished_basalt.png,blo,
polished_blackstone,polished_blackstone.png,blo,
polished_blackstone_brick_slab,polished_blackstone_brick_slab.png,blo,
polished_blackstone_brick_stairs,polished_blackstone_brick_stairs.png,blo,
polished_blackstone_brick_wall,polished_blackstone_brick_wall.png,blo,
polished_blackstone_bricks,polished_blackstone_bricks.png,blo,
polished_blackstone_button,polished_blackstone_button.png,var,
polished_blackstone_pressure_plate,polished_blackstone_pressure_plate.png,var,
polished_blackstone_slab,polished_blackstone_slab.png,blo,
polished_blackstone_stairs,polished_blackstone_stairs.png,blo,
polished_blackstone_wall,polished_blackstone_wall.png,blo,
polished_deepslate,polished_deepslate.png,blo,
polished_deepslate_slab,polished_deepslate_slab.png,blo,
polished_deepslate_stairs,polished_deepslate_stairs.png,blo,
polished_deepslate_wall,polished_deepslate_wall.png,blo,
polished_diorite,polished_diorite.png,blo,
polished_diorite_slab,polished_diorite_slab.png,blo,
polished_diorite_stairs,polished_diorite_stairs.png,blo,
polished_granite,polished_granite.png,blo,
polished_granite_slab,polished_granite_slab.png,blo,
polished_granite_stairs,polished_granite_stairs.png,blo,
polished_tuff,polished_tuff.png,blo,
polished_tuff_slab,polished_tuff_slab.png,blo,
polished_tuff_stairs,polished_tuff_stairs.png,blo,
polished_tuff_wall,polished_tuff_wall.png,blo,
popped_chorus_fruit,popped_chorus_fruit.png,var,
poppy,poppy.png,dyp,
potato,potato.png,dyp,
powder_snow_bucket,powder_snow_bucket.png,var,
powered_rail,powered_rail.png,var,
prismarine,prismarine.png,blo,
prismarine_brick_slab,prismarine_brick_slab.png,blo,
prismarine_brick_stairs,prismarine_brick_stairs.png,blo,
prismarine_bricks,prismarine_bricks.png,blo,
prismarine_crystals,prismarine_crystals.png,loot,
prismarine_shard,prismarine_shard.png,loot,
prismarine_slab,prismarine_slab.png,blo,
prismarine_stairs,prismarine_stairs.png,blo,
prismarine_wall,prismarine_wall.png,blo,
pufferfish,pufferfish.png,food,
pumpkin,pumpkin.png,dyp,
pumpkin_pie,pumpkin_pie.png,food,
pumpkin_seeds,pumpkin_seeds.png,dyp,
purple_banner,purple_banner.png,blo,
purple_bed,purple_bed.png,blo,
purple_bundle,purple_bundle.png,arm,
purple_candle,purple_candle.png,var,
purple_carpet,purple_carpet.png,blo,
purple_concrete,purple_concrete.png,blo,
purple_concrete_powder,purple_concrete_powder.png,blo,
purple_dye,purple_dye.png,dyp,
purple_glazed_terracotta,purple_glazed_terracotta.png,blo,
purple_shulker_box,purple_shulker_box.png,forb,
purple_stained_glass,purple_stained_glass.png,blo,
purple_stained_glass_pane,purple_stained_glass_pane.png,blo,
purple_terracotta,purple_terracotta.png,blo,
purple_wool,purple_wool.png,blo,
purpur_block,purpur_block.png,blo,
purpur_pillar,purpur_pillar.png,blo,
purpur_slab,purpur_slab.png,blo,
purpur_stairs,purpur_stairs.png,blo,
quartz_bricks,quartz_bricks.png,blo,
quartz_pillar,quartz_pillar.png,blo,
quartz_slab,quartz_slab.png,blo,
quartz_stairs,quartz_stairs.png,blo,
rabbit_hide,rabbit_hide.png,loot,
rabbit_stew,rabbit_stew.png,food,
rabbit_foot,rabbit_foot.png,loot,
rail,rail.png,var,
beef,beef.png,food,
chicken,chicken.png,food,
cod,cod.png,food,
raw_copper,raw_copper.png,val,
raw_gold,raw_gold.png,val,
raw_iron,raw_iron.png,val,
mutton,mutton.png,food,
porkchop,porkchop.png,food,
rabbit,rabbit.png,food,
salmon,salmon.png,food,
recovery_compass,recovery_compass.png,arm,
red_banner,red_banner.png,blo,
red_bed,red_bed.png,blo,
red_bundle,red_bundle.png,arm,
red_candle,red_candle.png,var,
red_carpet,red_carpet.png,blo,
red_concrete,red_concrete.png,blo,
red_concrete_powder,red_concrete_powder.png,blo,
red_dye,red_dye.png,dyp,
red_glazed_terracotta,red_glazed_terracotta.png,blo,
red_mushroom,red_mushroom.png,dyp,
red_mushroom_block,red_mushroom_block.png,blo,
red_nether_brick_slab,red_nether_brick_slab.png,blo,
red_nether_brick_stairs,red_nether_brick_stairs.png,blo,
red_nether_brick_wall,red_nether_brick_wall.png,blo,
red_nether_bricks,red_nether_bricks.png,blo,
red_sand,red_sand.png,blo,
red_sandstone,red_sandstone.png,blo,
red_sandstone_slab,red_sandstone_slab.png,blo,
red_sandstone_stairs,red_sandstone_stairs.png,blo,
red_sandstone_wall,red_sandstone_wall.png,blo,
red_shulker_box,red_shulker_box.png,forb,
red_stained_glass,red_stained_glass.png,blo,
red_stained_glass_pane,red_stained_glass_pane.png,blo,
red_terracotta,red_terracotta.png,blo,
red_tulip,red_tulip.png,dyp,
red_wool,red_wool.png,blo,
comparator,comparator.png,var,
redstone,redstone.png,var,
redstone_lamp,redstone_lamp.png,var,
redstone_ore,redstone_ore.png,var,
repeater,repeater.png,var,
redstone_torch,redstone_torch.png,var,
respawn_anchor,respawn_anchor.png,var,
rooted_dirt,rooted_dirt.png,blo,
rose_bush,rose_bush.png,dyp,
rotten_flesh,rotten_flesh.png,loot,
saddle,saddle.png,arm,
sand,sand.png,blo,
sandstone,sandstone.png,blo,
sandstone_slab,sandstone_slab.png,blo,
sandstone_stairs,sandstone_stairs.png,blo,
sandstone_wall,sandstone_wall.png,blo,
scaffolding,scaffolding.png,blo,
sculk,sculk.png,dyp,
sculk_catalyst,sculk_catalyst.png,dyp,
sculk_sensor,sculk_sensor.png,var,
sculk_shrieker,sculk_shrieker.png,dyp,
sculk_vein,sculk_vein.png,dyp,
sea_lantern,sea_lantern.png,blo,
sea_pickle,sea_pickle.png,dyp,
seagrass,seagrass.png,dyp,
shears,shears.png,arm,
shield,shield.png,arm,
shroomlight,shroomlight.png,blo,
shulker_box,shulker_box.png,forb,
shulker_shell,shulker_shell.png,forb,
skeleton_skull,skeleton_skull.png,val,
slime_block,slime_block.png,var,
slime_ball,slime_ball.png,loot,
small_amethyst_bud,small_amethyst_bud.png,val,
small_dripleaf,small_dripleaf.png,dyp,
smithing_table,smithing_table.png,var,
smoker,smoker.png,var,
smooth_basalt,smooth_basalt.png,blo,
smooth_quartz,smooth_quartz.png,blo,
smooth_quartz_slab,smooth_quartz_slab.png,blo,
smooth_quartz_stairs,smooth_quartz_stairs.png,blo,
smooth_red_sandstone,smooth_red_sandstone.png,blo,
smooth_red_sandstone_slab,smooth_red_sandstone_slab.png,blo,
smooth_red_sandstone_stairs,smooth_red_sandstone_stairs.png,blo,
smooth_sandstone,smooth_sandstone.png,blo,
smooth_sandstone_slab,smooth_sandstone_slab.png,blo,
smooth_sandstone_stairs,smooth_sandstone_stairs.png,blo,
smooth_stone,smooth_stone.png,blo,
smooth_stone_slab,smooth_stone_slab.png,blo,
sniffer_egg,sniffer_egg.png,loot,
snow,snow.png,blo,
snow_block,snow_block.png,blo,
snowball,snowball.png,var,
soul_campfire,soul_campfire.png,var,
soul_lantern,soul_lantern.png,var,
soul_sand,soul_sand.png,blo,
soul_soil,soul_soil.png,blo,
soul_torch,soul_torch.png,var,
spectral_arrow,spectral_arrow.png,arm,
spider_eye,spider_eye.png,loot,
sponge,sponge.png,val,
spore_blossom,spore_blossom.png,dyp,
spruce_boat,spruce_boat.png,var,
spruce_chest_boat,spruce_chest_boat.png,var,
spruce_button,spruce_button.png,var,
spruce_door,spruce_door.png,blo,
spruce_fence,spruce_fence.png,blo,
spruce_fence_gate,spruce_fence_gate.png,blo,
spruce_hanging_sign,spruce_hanging_sign.png,blo,
spruce_leaves,spruce_leaves.png,dyp,
spruce_log,spruce_log.png,blo,
spruce_planks,spruce_planks.png,blo,
spruce_pressure_plate,spruce_pressure_plate.png,var,
spruce_sapling,spruce_sapling.png,dyp,
spruce_sign,spruce_sign.png,blo,
spruce_slab,spruce_slab.png,blo,
spruce_stairs,spruce_stairs.png,blo,
spruce_trapdoor,spruce_trapdoor.png,blo,
spruce_wood,spruce_wood.png,blo,
spyglass,spyglass.png,arm,
cooked_beef,cooked_beef.png,food,
stick,stick.png,var,
sticky_piston,sticky_piston.png,var,
stone,stone.png,blo,
stone_axe,stone_axe.png,arm,
stone_brick_slab,stone_brick_slab.png,blo,
stone_brick_stairs,stone_brick_stairs.png,blo,
stone_brick_wall,stone_brick_wall.png,blo,
stone_bricks,stone_bricks.png,blo,
stone_button,stone_button.png,var,
stone_hoe,stone_hoe.png,arm,
stone_pickaxe,stone_pickaxe.png,arm,
stone_pressure_plate,stone_pressure_plate.png,var,
stone_shovel,stone_shovel.png,arm,
stone_slab,stone_slab.png,blo,
stone_stairs,stone_stairs.png,blo,
stone_sword,stone_sword.png,arm,
stonecutter,stonecutter.png,var,
string,string.png,loot,
stripped_acacia_log,stripped_acacia_log.png,blo,
stripped_acacia_wood,stripped_acacia_wood.png,blo,
stripped_birch_log,stripped_birch_log.png,blo,
stripped_birch_wood,stripped_birch_wood.png,blo,
stripped_cherry_log,stripped_cherry_log.png,blo,
stripped_cherry_wood,stripped_cherry_wood.png,blo,
stripped_crimson_hyphae,stripped_crimson_hyphae.png,blo,
stripped_crimson_stem,stripped_crimson_stem.png,blo,
stripped_dark_oak_log,stripped_dark_oak_log.png,blo,
stripped_dark_oak_wood,stripped_dark_oak_wood.png,blo,
stripped_jungle_log,stripped_jungle_log.png,blo,
stripped_jungle_wood,stripped_jungle_wood.png,blo,
stripped_mangrove_log,stripped_mangrove_log.png,blo,
stripped_mangrove_wood,stripped_mangrove_wood.png,blo,
stripped_oak_log,stripped_oak_log.png,blo,
stripped_oak_wood,stripped_oak_wood.png,blo,
stripped_pale_oak_log,stripped_pale_oak_log.png,blo,
stripped_pale_oak_wood,stripped_pale_oak_wood.png,blo,
stripped_spruce_log,stripped_spruce_log.png,blo,
stripped_spruce_wood,stripped_spruce_wood.png,blo,
stripped_warped_hyphae,stripped_warped_hyphae.png,blo,
stripped_warped_stem,stripped_warped_stem.png,blo,
sugar,sugar.png,food,
sugar_cane,sugar_cane.png,dyp,
sunflower,sunflower.png,dyp,
suspicious_stew,suspicious_stew.png,food,
sweet_berries,sweet_berries.png,food,
tall_grass,tall_grass.png,dyp,
target,target.png,var,
terracotta,terracotta.png,blo,
tinted_glass,tinted_glass.png,blo,
tnt,tnt.png,var,
torch,torch.png,var,
torchflower,torchflower.png,dyp,
torchflower_seeds,torchflower_seeds.png,dyp,
totem_of_undying,totem_of_undying.png,arm,
trapped_chest,trapped_chest.png,var,
trial_key,trial_key.png,arm,
trident,trident.png,arm,
tripwire_hook,tripwire_hook.png,var,
tropical_fish,tropical_fish.png,food,
tube_coral,tube_coral.png,dyp,
tube_coral_block,tube_coral_block.png,dyp,
tube_coral_fan,tube_coral_fan.png,dyp,
tuff,tuff.png,blo,
tuff_brick_slab,tuff_brick_slab.png,blo,
tuff_brick_stairs,tuff_brick_stairs.png,blo,
tuff_brick_wall,tuff_brick_wall.png,blo,
tuff_bricks,tuff_bricks.png,blo,
tuff_slab,tuff_slab.png,blo,
tuff_stairs,tuff_stairs.png,blo,
tuff_wall,tuff_wall.png,blo,
turtle_egg,turtle_egg.png,loot,
turtle_scute,turtle_scute.png,loot,
turtle_helmet,turtle_helmet.png,arm,
twisting_vines,twisting_vines.png,dyp,
verdant_froglight,verdant_froglight.png,blo,
vine,vine.png,dyp,
warped_button,warped_button.png,var,
warped_door,warped_door.png,blo,
warped_fence,warped_fence.png,blo,
warped_fence_gate,warped_fence_gate.png,blo,
warped_fungus,warped_fungus.png,dyp,
warped_fungus_on_a_stick,warped_fungus_on_a_stick.png,arm,
warped_hanging_sign,warped_hanging_sign.png,blo,
warped_hyphae,warped_hyphae.png,blo,
warped_nylium,warped_nylium.png,blo,
warped_planks,warped_planks.png,blo,
warped_pressure_plate,warped_pressure_plate.png,var,
warped_roots,warped_roots.png,dyp,
warped_sign,warped_sign.png,blo,warped
warped_slab,warped_slab.png,blo,warped
warped_stairs,warped_stairs.png,blo,
warped_stem,warped_stem.png,blo,
warped_trapdoor,warped_trapdoor.png,blo,
warped_wart_block,warped_wart_block.png,blo,
water_bucket,water_bucket.png,arm,
waxed_copper_block,waxed_copper_block.png,blo,
waxed_chiseled_copper,waxed_chiseled_copper.png,blo,
waxed_copper_bulb,waxed_copper_bulb.png,blo,
waxed_copper_door,waxed_copper_door.png,blo,
waxed_copper_grate,waxed_copper_grate.png,blo,
waxed_copper_trapdoor,waxed_copper_trapdoor.png,blo,
waxed_cut_copper,waxed_cut_copper.png,blo,
waxed_cut_copper_slab,waxed_cut_copper_slab.png,blo,
waxed_cut_copper_stairs,waxed_cut_copper_stairs.png,blo,
waxed_exposed_chiseled_copper,waxed_exposed_chiseled_copper.png,blo,
waxed_exposed_copper,waxed_exposed_copper.png,blo,
waxed_exposed_copper_bulb,waxed_exposed_copper_bulb.png,blo,
waxed_exposed_copper_door,waxed_exposed_copper_door.png,blo,
waxed_exposed_copper_grate,waxed_exposed_copper_grate.png,blo,
waxed_exposed_copper_trapdoor,waxed_exposed_copper_trapdoor.png,blo,
waxed_exposed_cut_copper,waxed_exposed_cut_copper.png,blo,
waxed_exposed_cut_copper_slab,waxed_exposed_cut_copper_slab.png,blo,
waxed_exposed_cut_copper_stairs,waxed_exposed_cut_copper_stairs.png,blo,
waxed_oxidized_chiseled_copper,waxed_oxidized_chiseled_copper.png,blo,
waxed_oxidized_copper,waxed_oxidized_copper.png,blo,
waxed_oxidized_copper_bulb,waxed_oxidized_copper_bulb.png,blo,
waxed_oxidized_copper_door,waxed_oxidized_copper_door.png,blo,
waxed_oxidized_copper_grate,waxed_oxidized_copper_grate.png,blo,
waxed_oxidized_copper_trapdoor,waxed_oxidized_copper_trapdoor.png,blo,
waxed_oxidized_cut_copper,waxed_oxidized_cut_copper.png,blo,
waxed_oxidized_cut_copper_slab,waxed_oxidized_cut_copper_slab.png,blo,
waxed_oxidized_cut_copper_stairs,waxed_oxidized_cut_copper_stairs.png,blo,
waxed_weathered_chiseled_copper,waxed_weathered_chiseled_copper.png,blo,
waxed_weathered_copper,waxed_weathered_copper.png,blo,
waxed_weathered_copper_bulb,waxed_weathered_copper_bulb.png,blo,
waxed_weathered_copper_door,waxed_weathered_copper_door.png,blo,
waxed_weathered_copper_grate,waxed_weathered_copper_grate.png,blo,
waxed_weathered_copper_trapdoor,waxed_weathered_copper_trapdoor.png,blo,
waxed_weathered_cut_copper,waxed_weathered_cut_copper.png,blo,
waxed_weathered_cut_copper_slab,waxed_weathered_cut_copper_slab.png,blo,
waxed_weathered_cut_copper_stairs,waxed_weathered_cut_copper_stairs.png,blo,
weathered_chiseled_copper,weathered_chiseled_copper.png,blo,
weathered_copper,weathered_copper.png,blo,
weathered_copper_bulb,weathered_copper_bulb.png,blo,
weathered_copper_door,weathered_copper_door.png,blo,
weathered_copper_grate,weathered_copper_grate.png,blo,
weathered_copper_trapdoor,weathered_copper_trapdoor.png,blo,
weathered_cut_copper,weathered_cut_copper.png,blo,
weathered_cut_copper_slab,weathered_cut_copper_slab.png,blo,
weathered_cut_copper_stairs,weathered_cut_copper_stairs.png,blo,
weeping_vines,weeping_vines.png,dyp,
wet_sponge,wet_sponge.png,val,
wheat,wheat.png,dyp,
wheat_seeds,wheat_seeds.png,dyp,
white_banner,white_banner.png,blo,
white_bed,white_bed.png,blo,
white_bundle,white_bundle.png,arm,
white_candle,white_candle.png,var,
white_carpet,white_carpet.png,blo,
white_concrete,white_concrete.png,blo,
white_concrete_powder,white_concrete_powder.png,blo,
white_dye,white_dye.png,dyp,
white_glazed_terracotta,white_glazed_terracotta.png,blo,
white_shulker_box,white_shulker_box.png,forb,
white_stained_glass,white_stained_glass.png,blo,
white_stained_glass_pane,white_stained_glass_pane.png,blo,
white_terracotta,white_terracotta.png,blo,
white_tulip,white_tulip.png,dyp,
white_wool,white_wool.png,blo,
wind_charge,wind_charge.png,loot,
wither_rose,wither_rose.png,dyp,
wither_skeleton_skull,wither_skeleton_skull.png,val,
wolf_armor,wolf_armor.png,arm,
wooden_axe,wooden_axe.png,arm,
wooden_hoe,wooden_hoe.png,arm,
wooden_pickaxe,wooden_pickaxe.png,arm,
wooden_shovel,wooden_shovel.png,arm,
wooden_sword,wooden_sword.png,arm,
written_book,written_book.png,boo,
yellow_banner,yellow_banner.png,blo,
yellow_bed,yellow_bed.png,blo,
yellow_bundle,yellow_bundle.png,arm,
yellow_candle,yellow_candle.png,var,
yellow_carpet,yellow_carpet.png,blo,
yellow_concrete,yellow_concrete.png,blo,
yellow_concrete_powder,yellow_concrete_powder.png,blo,
yellow_dye,yellow_dye.png,dyp,
yellow_glazed_terracotta,yellow_glazed_terracotta.png,blo,
yellow_shulker_box,yellow_shulker_box.png,forb,
yellow_stained_glass,yellow_stained_glass.png,blo,
yellow_stained_glass_pane,yellow_stained_glass_pane.png,blo,
yellow_terracotta,yellow_terracotta.png,blo,
yellow_wool,yellow_wool.png,blo,
zombie_head,zombie_head.png,val,
light,light.png,val,
structure_void,structure_void.png,val,
enchanted_book,enchanted_book.png,boo,
creaking_heart,creaking_heart.png,blo,
pale_oak_wood,pale_oak_wood.png,blo,
stripped_pale_oak_wood,stripped_pale_oak_wood.png,blo,
pale_oak_log,pale_oak_log.png,blo,
stripped_pale_oak_log,stripped_pale_oak_log.png,blo,
pale_oak_planks,pale_oak_planks.png,blo,
pale_oak_stairs,pale_oak_stairs.png,blo,
pale_oak_slab,pale_oak_slab.png,blo,
pale_oak_sign,pale_oak_sign.png,blo,
pale_oak_hanging_sign,pale_oak_hanging_sign.png,blo,
pale_oak_button,pale_oak_button.png,var,
pale_oak_pressure_plate,pale_oak_pressure_plate.png,var,
pale_oak_door,pale_oak_door.png,blo,
pale_oak_fence,pale_oak_fence.png,blo,
pale_oak_fence_gate,pale_oak_fence_gate.png,blo,
pale_oak_trapdoor,pale_oak_trapdoor.png,blo,
pale_oak_boat,pale_oak_boat.png,var,
pale_oak_chest_boat,pale_oak_chest_boat.png,var,
pale_hanging_moss,pale_hanging_moss.png,dyp,
pale_moss_block,pale_moss_block.png,blo,
pale_moss_carpet,pale_moss_carpet.png,blo,
pale_oak_leaves,pale_oak_leaves.png,dyp,
pale_oak_sapling,pale_oak_sapling.png,dyp,
closed_eyeblossom,closed_eyeblossom.png,dyp,
open_eyeblossom,open_eyeblossom.png,dyp,
resin_block,resin_block.png,blo,
resin_bricks,resin_bricks.png,blo,
chiseled_resin_bricks,chiseled_resin_bricks.png,blo,
resin_brick_slab,resin_brick_slab.png,blo,
resin_brick_stairs,resin_brick_stairs.png,blo,
resin_brick_wall,resin_brick_wall.png,blo,
resin_clump,resin_chump.png,loot,
resin_brick,resin_brick.png,var,
leaf_litter,leaf_litter.png,dyp,
wildflowers,wildflowers.png,dyp,
bush,bush.png,dyp,
firefly_bush,firefly_bush.png,dyp,
cactus_flower,cactus_flower.png,dyp,
short_dry_grass,short_dry_grass.png,dyp,
tall_dry_grass,tall_dry_grass.png,dyp,
dried_ghast,dried_ghast.png,var,
white_harness,white_harness.png,arm,
light_gray_harness,light_gray_harness.png,arm,
gray_harness,gray_harness.png,arm,
black_harness,black_harness.png,arm,
orange_harness,orange_harness.png,arm,
brown_harness,brown_harness.png,arm,
green_harness,green_harness.png,arm,
lime_harness,lime_harness.png,arm,
cyan_harness,cyan_harness.png,arm,
light_blue_harness,light_blue_harness.png,arm,
blue_harness,blue_harness.png,arm,
magenta_harness,magenta_harness.png,arm,
purple_harness,purple_harness.png,arm,
pink_harness,pink_harness.png,arm,
blue_egg,blue_egg.png,loot,
brown_egg,brown_egg.png,loot,
silence_armor_trim_smithing_template,netherite_upgrade_smithing_template.png,val,
ominous_bottle,ominous_bottle.png,loot,
